group,age,TSH,T3,TT4,T4U,FTI,n
- (retained: Euthyroid),54.0,1.3,2.0,104.0,0.96,109.0,6771
K (retained: Euthyroid-sick),70.0,1.3,0.9,88.0,0.83,107.0,436
A/B/C/D (retained: Hyperthyroid),53.0,0.05,4.1,185.5,0.92,202.0,182
GK,69.0,11.0,0.8,86.0,0.86,107.0,49
AK,62.0,0.08,1.85,170.0,0.89,198.0,46
MK,49.5,24.5,0.9,87.0,0.93,94.0,16
C|I,30.0,0.71,3.3,143.0,1.48,98.0,12
KJ,69.0,1.4,0.8,87.0,0.49,178.0,11
H|K,50.5,3.35,0.95,49.0,0.89,53.0,8
FK,62.5,7.6,0.55,38.5,0.86,49.5,6
GKJ,77.0,18.0,0.3,44.0,0.56,77.0,1
D|R,41.0,0.02,2.5,22.0,,,1
