feature,importance_mean,importance_std
T3,0.3099529404491643,0.013879295132695089
FTI,0.08986727343531384,0.008767424613018679
TT4,0.06378856317761554,0.01414120950917181
tumor,0.00035921173533859374,0.0010776352060157812
T4U,0.0001808526503666974,0.0020397055088109627
hypopituitary,0.0,0.0
lithium,0.0,0.0
pregnant,0.0,0.0
goitre,-0.00018409706360112966,0.0008024604960399043
psych,-0.00018409706360112966,0.0008024604960399043
sex,-0.00484845283700433,0.0029968774141202596
age,-0.004863002830306518,0.00393320908575078
TSH,-0.005023713877337216,0.00648686084890049
