column,in_main_set,macro_f1_mean,macro_f1_std
T3,True,0.7745458853428417,0.022247300608873907
FTI,True,0.5078748183284348,0.014400497363504683
TT4,True,0.3204305613292327,0.05528491800167514
T4U,True,0.3187411717026816,0.01153570993857664
TSH,True,0.2416373972979667,0.12293696975069775
age,True,0.2154866941326877,0.034685364438819366
referral_source,False,0.19644384511517296,0.00778530657953113
query_hyperthyroid,False,0.12567851071606997,0.013653356966244623
on_thyroxine,False,0.09349122562385487,0.0073381276780796175
tumor,True,0.0676315893009831,0.024135995541864616
sex,True,0.0615524554706335,0.006617208931620559
on_antithyroid_medication,False,0.06002967381714095,0.00846394485175369
psych,True,0.05300410921586015,0.003919793831144349
I131_treatment,False,0.05192167369263538,0.013286369661394409
pregnant,True,0.05038110105235909,0.01076076902238109
sick,False,0.049240782520472405,0.00656006267790405
query_hypothyroid,False,0.04176785671027246,0.00852158169588008
TBG,False,0.03660787058846797,0.010190798012805598
thyroid_surgery,False,0.026582544874561864,0.0034251116762969106
lithium,True,0.025204661003188224,0.0009829508517913495
query_on_thyroxine,False,0.022112311021387394,0.00496921471222307
goitre,True,0.020636868687773823,0.004904653591790921
hypopituitary,True,0.0165785880846231,0.000247470400931508
